Date,Global_active_power,Global_reactive_power,Voltage,Global_intensity,Sub_metering_1,Sub_metering_2,Sub_metering_3
1/1/07,2.58,0.136,241.97,10.6,0,0,0
1/1/07,2.552,0.1,241.75,10.4,0,0,0
1/1/07,2.55,0.1,241.64,10.4,0,0,0
1/1/07,2.55,0.1,241.71,10.4,0,0,0
1/1/07,2.554,0.1,241.98,10.4,0,0,0
1/1/07,2.55,0.1,241.83,10.4,0,0,0
1/1/07,2.534,0.096,241.07,10.4,0,0,0
1/1/07,2.484,0,241.29,10.2,0,0,0
1/1/07,2.468,0,241.23,10.2,0,0,0
1/1/07,2.486,0,242.18,10.2,0,0,0
1/1/07,2.492,0,242.46,10.2,0,0,0
1/1/07,2.5,0,242.88,10.2,0,0,0
1/1/07,2.494,0,242.57,10.2,0,0,0
1/1/07,2.602,0.216,240.5,10.8,0,1,0
1/1/07,2.594,0.214,240.08,10.8,0,2,0
1/1/07,2.6,0.216,240.5,10.8,0,1,0
1/1/07,2.602,0.216,240.65,10.8,0,1,0
1/1/07,2.6,0.216,240.68,10.8,0,1,0
1/1/07,2.598,0.216,240.69,10.8,0,1,0
1/1/07,2.59,0.214,240.3,10.8,0,2,0
1/1/07,2.554,0.148,240.85,10.6,0,1,0
1/1/07,2.484,0,240.98,10.2,0,0,0
1/1/07,2.472,0,241.4,10.2,0,0,0
1/1/07,2.486,0,242.11,10.2,0,0,0
1/1/07,2.486,0,242.12,10.2,0,0,0
1/1/07,2.482,0,241.96,10.2,0,0,0
1/1/07,2.484,0,241.98,10.2,0,0,0
1/1/07,2.48,0,241.84,10.2,0,0,0
1/1/07,2.458,0,240.63,10.2,0,0,0
1/1/07,2.46,0,240.81,10.2,0,0,0
1/1/07,2.462,0,240.82,10.2,0,0,0
1/1/07,2.472,0,241.39,10.2,0,0,0
1/1/07,2.466,0,241.09,10.2,0,0,0
1/1/07,2.466,0,241.09,10.2,0,0,0
1/1/07,2.59,0.118,241.79,10.6,0,0,0
2/1/07,0.372,0,241.82,1.6,0,0,0
2/1/07,0.37,0,241.38,1.6,0,0,0
2/1/07,0.374,0,242.36,1.6,0,0,0
2/1/07,0.378,0,243.64,1.6,0,0,0
2/1/07,0.376,0,242.99,1.6,0,0,0
2/1/07,0.376,0,243.21,1.6,0,0,0
2/1/07,0.376,0,243.39,1.6,0,0,0
2/1/07,0.376,0,243.56,1.6,0,0,0
2/1/07,0.376,0,243.3,1.6,0,0,0
2/1/07,0.376,0,243.21,1.6,0,0,0
2/1/07,0.412,0.056,243.61,1.8,0,0,0
2/1/07,0.452,0.134,243.72,1.8,0,0,0
2/1/07,0.506,0.186,243.44,2.2,0,0,0
2/1/07,0.562,0.268,243.1,2.6,0,0,0
2/1/07,0.556,0.268,242.9,2.4,0,0,0
2/1/07,0.554,0.268,243.05,2.4,0,0,0
2/1/07,0.55,0.266,242.72,2.4,0,0,0
2/1/07,0.546,0.264,242.37,2.4,0,0,0
2/1/07,0.532,0.248,243.17,2.4,0,0,0
2/1/07,0.474,0.162,242.75,2,0,0,0
2/1/07,0.47,0.158,242.08,2,0,0,0
2/1/07,0.47,0.16,242.18,2,0,0,0
2/1/07,0.476,0.172,244.44,2,0,0,0
2/1/07,0.48,0.182,246.14,2,0,0,0
2/1/07,0.478,0.178,245.49,2,0,0,0
2/1/07,0.478,0.178,245.34,2,0,0,0
2/1/07,0.476,0.176,245.17,2,0,0,0
2/1/07,0.458,0.148,245.23,2,0,0,0
2/1/07,0.382,0,245.08,1.6,0,0,0
2/1/07,0.382,0,245.23,1.6,0,0,0
2/1/07,0.382,0,245.09,1.6,0,0,0
2/1/07,0.382,0,245.12,1.6,0,0,0
2/1/07,0.382,0,245.06,1.6,0,0,0
2/1/07,0.382,0,244.87,1.6,0,0,0
2/1/07,0.378,0,243.87,1.6,0,0,0
2/1/07,0.38,0,244.16,1.6,0,0,0
2/1/07,0.38,0,244.45,1.6,0,0,0
2/1/07,0.38,0,244.73,1.6,0,0,0
2/1/07,0.382,0,245.17,1.6,0,0,0
2/1/07,0.382,0,245.33,1.6,0,0,0
2/1/07,0.384,0,245.47,1.6,0,0,0
2/1/07,0.388,0,247.03,1.6,0,0,0
2/1/07,0.39,0.046,247.41,1.6,0,0,0
2/1/07,0.388,0,247.18,1.6,0,0,0
2/1/07,0.388,0,247.1,1.6,0,0,0
2/1/07,0.388,0,247.28,1.6,0,0,0
2/1/07,0.386,0,246.54,1.6,0,0,0
2/1/07,0.384,0,245.88,1.6,0,0,0
2/1/07,0.386,0,246.31,1.6,0,0,0
2/1/07,0.386,0,246.61,1.6,0,0,0
2/1/07,0.384,0,245.89,1.6,0,0,0
2/1/07,0.384,0,245.73,1.6,0,0,0
2/1/07,0.384,0,246,1.6,0,0,0
2/1/07,0.44,0.092,245.38,2,0,0,0
2/1/07,0.454,0.138,244.3,2,0,0,0
2/1/07,0.456,0.14,244.49,2,0,0,0
2/1/07,0.456,0.138,244.32,2,0,0,0
2/1/07,0.456,0.14,244.44,2,0,0,0
2/1/07,0.5,0.182,244.92,2.2,0,0,0
2/1/07,0.566,0.284,245.35,2.6,0,0,0
2/1/07,0.562,0.286,245.54,2.6,0,0,0
2/1/07,0.512,0.21,245.96,2.2,0,0,0
2/1/07,0.488,0.176,245.45,2,0,0,0
2/1/07,0.49,0.182,246.21,2,0,0,0
2/1/07,0.488,0.18,246.02,2,0,0,0
2/1/07,0.484,0.178,245.59,2,0,0,0
2/1/07,0.484,0.18,245.77,2,0,0,0
2/1/07,0.482,0.178,245.69,2,0,0,0
2/1/07,0.484,0.182,246.39,2,0,0,0
2/1/07,0.482,0.18,245.97,2,0,0,0
2/1/07,0.478,0.174,244.99,2,0,0,0
2/1/07,0.478,0.178,245.55,2,0,0,0
2/1/07,0.474,0.17,244.29,2,0,0,0
2/1/07,0.412,0.078,243.58,1.8,0,0,0
2/1/07,0.374,0,242.54,1.6,0,0,0
2/1/07,0.376,0,242.89,1.6,0,0,0
2/1/07,0.376,0,242.96,1.6,0,0,0
2/1/07,0.378,0,243.27,1.6,0,0,0
2/1/07,0.378,0,243.4,1.6,0,0,0
2/1/07,0.378,0,243.62,1.6,0,0,0
2/1/07,0.38,0,244.18,1.6,0,0,0
2/1/07,0.382,0,244.73,1.6,0,0,0
2/1/07,0.382,0,244.5,1.6,0,0,0
2/1/07,0.38,0,244.43,1.6,0,0,0
2/1/07,0.38,0,243.89,1.6,0,0,0
2/1/07,0.38,0,244.03,1.6,0,0,0
2/1/07,0.57,0,243.33,2.8,0,0,1
2/1/07,1.534,0,242.78,6.2,0,0,19
2/1/07,1.522,0,243.19,6.2,0,0,18
2/1/07,1.486,0,242.56,6,0,0,19
2/1/07,1.472,0,242.53,6,0,0,18
2/1/07,1.464,0,242.26,6,0,0,18
2/1/07,1.458,0,241.87,6,0,0,18
2/1/07,1.458,0,242.13,6,0,0,18
2/1/07,1.474,0,243.48,6,0,0,18
2/1/07,1.518,0.062,243.13,6.2,0,0,18
2/1/07,1.54,0.122,242.96,6.2,0,0,18
2/1/07,1.538,0.12,242.86,6.2,0,0,18
2/1/07,1.542,0.122,243.15,6.2,0,0,19
2/1/07,1.54,0.122,242.97,6.2,0,0,18
2/1/07,1.55,0.126,242.42,6.4,0,0,18
2/1/07,1.636,0.254,242.14,6.8,0,0,18
2/1/07,1.632,0.252,241.99,6.8,0,0,18
2/1/07,1.582,0.184,241.88,6.6,0,0,17
2/1/07,1.548,0.144,241.41,6.4,0,0,18
2/1/07,1.556,0.148,242.2,6.4,0,0,18
2/1/07,1.548,0.144,241.59,6.4,0,0,18
3/1/07,0.252,0.056,246.24,1,0,0,0
3/1/07,0.29,0.086,245.28,1.4,0,0,0
3/1/07,0.324,0.16,245.27,1.4,0,0,0
3/1/07,0.324,0.158,245.29,1.4,0,0,0
3/1/07,0.326,0.162,245.77,1.4,0,0,0
3/1/07,0.406,0.158,245.5,1.8,0,0,0
3/1/07,0.456,0.156,245.19,2,0,0,0
3/1/07,0.324,0.162,245.92,1.4,0,0,0
3/1/07,0.322,0.164,246.25,1.4,0,0,0
3/1/07,0.296,0.132,245.65,1.4,0,0,0
3/1/07,0.242,0.05,245.26,1,0,0,0
3/1/07,0.244,0.05,245.4,1,0,0,0
3/1/07,0.316,0.118,245.36,1.6,0,0,0
3/1/07,0.36,0.186,244.95,1.6,0,0,0
3/1/07,0.352,0.18,244,1.6,0,0,0
3/1/07,0.342,0.176,243.37,1.6,0,0,0
3/1/07,0.342,0.18,243.97,1.6,0,0,0
3/1/07,0.35,0.184,244.55,1.6,0,0,0
3/1/07,0.348,0.182,244.13,1.6,0,0,0
3/1/07,0.346,0.184,244.33,1.6,0,0,0
3/1/07,0.344,0.18,243.9,1.6,0,0,0
3/1/07,0.336,0.18,243.77,1.6,0,0,0
3/1/07,0.336,0.182,243.87,1.6,0,0,0
3/1/07,0.342,0.182,243.7,1.6,0,0,0
3/1/07,0.338,0.174,242.66,1.6,0,0,0
3/1/07,0.338,0.178,243.15,1.6,0,0,0
3/1/07,0.334,0.172,242.88,1.6,0,0,0
3/1/07,0.236,0,242.9,1,0,0,0
3/1/07,0.238,0,242.54,1,0,0,0
3/1/07,0.244,0,242.78,1,0,0,0
3/1/07,0.244,0,243.45,1,0,0,0
3/1/07,0.244,0,243.11,1,0,0,0
3/1/07,0.242,0,243.65,1,0,0,0
3/1/07,0.238,0,243.12,1,0,0,0
3/1/07,0.238,0,242.08,1,0,0,0
3/1/07,0.24,0,241.52,1,0,0,0
3/1/07,0.242,0,242.1,1,0,0,0
3/1/07,0.242,0,241.95,1,0,0,0
3/1/07,0.24,0,242.45,1,0,0,0
3/1/07,0.236,0,242.94,1,0,0,0
3/1/07,0.24,0,242.71,1,0,0,0
3/1/07,0.244,0,243.01,1,0,0,0
3/1/07,0.244,0,242.79,1,0,0,0
3/1/07,0.244,0,242.92,1,0,0,0
3/1/07,0.32,0.132,242.99,1.6,0,0,0
3/1/07,0.312,0.144,242.79,1.4,0,0,0
3/1/07,0.318,0.144,242.78,1.4,0,0,0
3/1/07,0.32,0.144,242.78,1.4,0,0,0
3/1/07,0.32,0.146,243.03,1.4,0,0,0
3/1/07,0.316,0.142,242.47,1.4,0,0,0
3/1/07,0.312,0.138,241.88,1.4,0,0,0
3/1/07,0.306,0.138,241.63,1.4,0,0,0
3/1/07,0.272,0.088,242.08,1.2,0,0,0
3/1/07,0.308,0.1,241.65,1.4,0,0,0
3/1/07,0.354,0.174,242.66,1.6,0,0,0
3/1/07,0.35,0.176,242.83,1.6,0,0,0
3/1/07,0.342,0.174,242.56,1.6,0,0,0
3/1/07,0.34,0.174,242.66,1.6,0,0,0
3/1/07,0.344,0.178,243.07,1.6,0,0,0
3/1/07,0.346,0.178,243.32,1.6,0,0,0
3/1/07,0.344,0.178,243.04,1.6,0,0,0
3/1/07,0.342,0.178,243.13,1.6,0,0,0
3/1/07,0.334,0.178,243.32,1.6,0,0,0
3/1/07,0.336,0.182,243.97,1.6,0,0,0
3/1/07,0.34,0.176,242.92,1.6,0,0,0
3/1/07,0.334,0.168,241.63,1.6,0,0,0
3/1/07,0.334,0.164,241.22,1.6,0,0,0
3/1/07,0.332,0.16,240.26,1.6,0,0,0
3/1/07,0.294,0.114,239.49,1.4,0,0,0
3/1/07,0.23,0,239.75,1,0,0,0
3/1/07,0.24,0,240.82,1,0,0,0
3/1/07,0.242,0,241.73,1,0,0,0
3/1/07,0.24,0,241.52,1,0,0,0
3/1/07,0.24,0,242.91,1,0,0,0
3/1/07,1.628,0.166,241.1,6.8,0,1,0
3/1/07,1.628,0.166,241.12,6.8,0,1,0
3/1/07,1.628,0.166,241.21,6.8,0,1,0
3/1/07,1.634,0.172,241.93,6.8,0,2,0
3/1/07,1.634,0.174,242.37,6.8,0,1,0
3/1/07,1.484,0.316,242.78,6.4,0,1,0
3/1/07,1.03,0.184,242.93,4.2,0,1,0
3/1/07,1.122,0.134,241.83,4.6,0,1,0
3/1/07,0.652,0.092,242.25,3,0,2,0
3/1/07,0.726,0.084,242.44,3.8,0,1,0
3/1/07,3.618,0,239.94,15,0,0,0
3/1/07,3.596,0.066,240.2,15,0,0,0
3/1/07,3.56,0.07,238.76,14.8,0,0,0
3/1/07,1.978,0,240.32,10.2,0,0,0
3/1/07,0.696,0,241.61,3,0,0,0
3/1/07,0.716,0,240.96,3,0,0,0
3/1/07,0.716,0,240.71,3,0,0,0
3/1/07,0.716,0,240.95,3,0,0,0
3/1/07,0.716,0,240.79,3,0,0,0
3/1/07,0.76,0,240.57,3.2,0,0,0
3/1/07,0.792,0.06,241.08,3.2,0,0,0
3/1/07,0.792,0.06,241.18,3.4,0,0,0
3/1/07,0.844,0.116,240.8,3.6,0,0,0
3/1/07,0.896,0.194,241.11,3.8,0,0,0
3/1/07,0.894,0.2,241.98,3.8,0,0,0
3/1/07,0.89,0.198,241.75,3.8,0,0,0
3/1/07,0.888,0.198,241.89,3.8,0,0,0
3/1/07,0.884,0.2,241.94,3.8,0,0,0
3/1/07,0.866,0.174,242.2,3.6,0,0,0
3/1/07,0.818,0.102,243.22,3.4,0,0,0
3/1/07,0.822,0.102,242.9,3.4,0,0,0
3/1/07,0.822,0.104,243.44,3.4,0,0,0
3/1/07,0.82,0.102,243.11,3.4,0,0,0
3/1/07,0.814,0.098,242.37,3.4,0,0,0
3/1/07,0.806,0.094,241.94,3.4,0,0,0
3/1/07,0.804,0.092,241.31,3.4,0,0,0
3/1/07,0.81,0.098,242.44,3.4,0,0,0
3/1/07,0.806,0.094,241.96,3.4,0,0,0
3/1/07,0.754,0,240.48,3.2,0,0,0
3/1/07,0.708,0,240.92,3,0,0,0
3/1/07,0.71,0,241.2,3,0,0,0
3/1/07,0.71,0,241.32,3,0,0,0
3/1/07,0.714,0,242.22,3,0,0,0
3/1/07,0.712,0,241.79,3,0,0,0
3/1/07,0.712,0,241.77,3,0,0,0
3/1/07,0.712,0,241.52,3,0,0,0
3/1/07,0.71,0,241.32,3,0,0,0
3/1/07,0.71,0,241.35,3,0,0,0
3/1/07,0.716,0,242.47,3,0,0,0
3/1/07,0.714,0,242.31,3,0,0,0
3/1/07,0.712,0,241.78,3,0,0,0
3/1/07,0.714,0,242.1,3,0,0,0
3/1/07,0.712,0,241.66,3,0,0,0
3/1/07,0.71,0,241.09,3,0,0,0
3/1/07,0.71,0,241.23,3,0,0,0
3/1/07,0.712,0,241.57,3,0,0,0
3/1/07,0.712,0,241.68,3,0,0,0
3/1/07,0.712,0,241.73,3,0,0,0
3/1/07,0.72,0,241.61,3,0,0,0
3/1/07,0.794,0.06,240.86,3.4,0,0,0
3/1/07,0.786,0.06,241.13,3.2,0,0,0
3/1/07,0.788,0.062,241.58,3.2,0,0,0
3/1/07,0.79,0.066,242.4,3.2,0,0,0
3/1/07,0.792,0.068,242.72,3.2,0,0,0
3/1/07,0.876,0.16,242.8,3.8,0,0,0
3/1/07,0.9,0.206,242.97,3.8,0,0,0
3/1/07,0.9,0.214,244.02,3.8,0,0,0
3/1/07,0.878,0.184,244.39,3.6,0,0,0
3/1/07,0.826,0.108,244.18,3.4,0,0,0
3/1/07,0.824,0.106,244.11,3.4,0,0,0
3/1/07,0.82,0.104,243.71,3.4,0,0,0
3/1/07,0.818,0.102,243.53,3.4,0,0,0
3/1/07,0.816,0.102,243.26,3.4,0,0,0
3/1/07,0.818,0.104,243.83,3.4,0,0,0
3/1/07,0.82,0.11,244.74,3.4,0,0,0
3/1/07,0.822,0.112,245.19,3.4,0,0,0
3/1/07,0.82,0.11,244.97,3.4,0,0,0
3/1/07,0.818,0.108,244.54,3.4,0,0,0
3/1/07,0.82,0.11,244.68,3.4,0,0,0
3/1/07,0.82,0.112,245.1,3.4,0,0,0
3/1/07,0.752,0,245.05,3.2,0,0,0
3/1/07,0.986,0,243.91,4,0,0,0
3/1/07,1.054,0,243.19,4.4,0,0,0
3/1/07,0.806,0,243.39,3.4,0,0,0
3/1/07,0.722,0,243.68,3,0,0,0
3/1/07,0.722,0,243.89,3,0,0,0
3/1/07,0.722,0,244.14,3,0,0,0
3/1/07,0.724,0,244.34,3,0,0,0
3/1/07,0.726,0,244.81,3,0,0,0
3/1/07,0.724,0,244.38,3,0,0,0
3/1/07,0.724,0,244.21,3,0,0,0
3/1/07,0.72,0,243.69,3,0,0,0
3/1/07,0.722,0,243.76,3,0,0,0
3/1/07,0.722,0,243.78,3,0,0,0
3/1/07,0.724,0,244.58,3,0,0,0
3/1/07,0.724,0,244.59,3,0,0,0
3/1/07,0.762,0,244.39,3.2,0,0,0
3/1/07,0.8,0.076,244.36,3.4,0,0,0
3/1/07,0.804,0.08,245.27,3.4,0,0,0
3/1/07,0.802,0.076,244.37,3.4,0,0,0
3/1/07,0.8,0.074,244.17,3.4,0,0,0
3/1/07,0.8,0.074,244.41,3.4,0,0,0
3/1/07,1.65,0.064,243.65,7,0,0,12
3/1/07,1.942,0.068,244.7,7.8,0,0,19
3/1/07,1.924,0.068,244.56,7.8,0,0,19
3/1/07,1.912,0,244.56,7.8,0,0,18
3/1/07,1.954,0.102,244.96,8,0,0,19
3/1/07,1.94,0.098,244.37,8,0,0,18
3/1/07,1.944,0.102,244.99,7.8,0,0,18
3/1/07,1.948,0.104,245.47,7.8,0,0,19
3/1/07,1.938,0.104,245,7.8,0,0,18
3/1/07,1.932,0.104,244.6,7.8,0,0,19
3/1/07,1.922,0.102,244.08,7.8,0,0,18
3/1/07,1.93,0.104,244.66,7.8,0,0,18
3/1/07,1.93,0.106,244.86,7.8,0,0,19
3/1/07,1.93,0.106,244.97,7.8,0,0,18
3/1/07,1.93,0.106,245,7.8,0,0,18
3/1/07,1.932,0.106,245.14,7.8,0,0,19
3/1/07,1.928,0.104,244.89,7.8,0,0,18
3/1/07,1.918,0.1,244.19,7.8,0,0,18
3/1/07,1.922,0.102,244.44,7.8,0,0,19
3/1/07,1.886,0.046,244.64,7.6,0,0,18
3/1/07,1.846,0,245.83,7.4,0,0,18
3/1/07,1.85,0,246.06,7.4,0,0,19
3/1/07,1.856,0,246.48,7.4,0,0,19
3/1/07,1.876,0,246.68,7.6,0,0,18
3/1/07,2.022,0,245.62,8.2,0,0,19
3/1/07,1.958,0,244.97,8,0,0,18
3/1/07,2.128,0,245.21,8.6,0,0,18
3/1/07,2.676,0,245.66,11.8,0,0,19
3/1/07,5.068,0.06,243.49,20.8,0,0,18
3/1/07,5.182,0.05,243.5,21.2,0,0,18
3/1/07,5.19,0.064,243.71,21.2,0,2,18
3/1/07,2.948,0.246,244.6,12.8,0,1,19
3/1/07,2.506,0.28,244.85,10.2,0,2,18
3/1/07,2.444,0.236,244.72,10,0,1,18
3/1/07,2.326,0.194,244.82,9.4,0,1,19
3/1/07,2.324,0.192,244.37,9.4,0,2,18
3/1/07,2.32,0.192,244.11,9.4,0,1,18
3/1/07,1.372,0.206,245.44,5.8,0,2,4
3/1/07,1.406,0.286,245.22,6.4,0,1,0
3/1/07,1.83,0.378,245.63,8.4,0,1,0
3/1/07,1.242,0.22,247.32,5,0,2,0
3/1/07,1.246,0.224,247.91,5,0,1,0
3/1/07,1.024,0.23,248.53,4.2,0,2,0
3/1/07,0.9,0.23,248.18,3.8,0,1,0
3/1/07,0.92,0.222,246.83,3.8,0,1,0
3/1/07,1.32,0.322,245.98,5.6,0,2,0
3/1/07,1.322,0.338,245.62,5.6,0,1,0
3/1/07,1.254,0.246,246.17,5.2,0,1,0
3/1/07,1.258,0.252,247.01,5.2,0,1,0
3/1/07,1.06,0.258,247.25,4.4,0,2,0
3/1/07,0.912,0.258,246.9,3.8,0,1,0
3/1/07,0.91,0.258,246.9,3.8,0,1,0
3/1/07,0.91,0.26,247.23,3.8,0,1,0
3/1/07,0.926,0.25,246.05,4,0,2,0
3/1/07,1.072,0.236,244.72,4.4,0,1,0
3/1/07,0.904,0.24,244.51,3.8,0,1,0
3/1/07,0.832,0.134,243.92,3.4,0,0,0
3/1/07,0.82,0.11,244.08,3.4,0,0,0
3/1/07,0.82,0.112,244.31,3.4,0,0,0
3/1/07,0.82,0.112,244.23,3.4,0,0,0
3/1/07,0.822,0.116,244.95,3.4,0,0,0
3/1/07,0.748,0,244.9,3,0,0,0
3/1/07,0.726,0,244.67,3,0,0,0
3/1/07,0.726,0,244.28,3,0,0,0
3/1/07,0.722,0,243.15,3,0,0,0
3/1/07,0.72,0,242.69,3,0,0,0
3/1/07,0.836,0,242.22,3.4,0,0,0
3/1/07,0.936,0,241.38,4,0,0,0
3/1/07,1.12,0,241.85,4.6,0,0,0
4/1/07,0.85,0.046,242.61,3.6,0,0,0
4/1/07,0.742,0,242.57,3.2,0,0,0
4/1/07,0.906,0,243.35,3.8,0,0,0
4/1/07,0.606,0.046,243.16,2.6,0,0,0
4/1/07,0.538,0.046,243.29,2.2,0,0,0
4/1/07,0.522,0,242.56,2.2,0,0,0
4/1/07,0.55,0,243.01,2.2,0,0,0
4/1/07,0.782,0.124,243.03,3.2,0,0,0
4/1/07,1.486,0.138,241.64,6.2,0,0,0
4/1/07,1.458,0.14,241.71,6,0,0,0
4/1/07,1.462,0.142,242.29,6,0,0,0
4/1/07,1.492,0.146,242.87,6.2,0,0,0
4/1/07,1.604,0.142,242.4,6.6,0,0,0
4/1/07,1.56,0.14,242.69,6.4,0,0,0
4/1/07,1.42,0.124,242.64,5.8,0,0,0
4/1/07,2.172,0.084,241.47,9.8,0,6,0
4/1/07,4.01,0.09,240.43,16.6,0,39,0
4/1/07,3.786,0.102,241.48,15.6,1,39,0
4/1/07,4.572,0.102,241.33,19.4,1,39,0
4/1/07,5.756,0.104,240.32,23.8,2,38,0
4/1/07,5.886,0.108,240.34,24.4,1,39,0
4/1/07,5.922,0.11,240.21,24.6,1,39,0
4/1/07,5.85,0.11,239.87,24.4,1,39,0
4/1/07,5.738,0.112,239.63,23.8,1,38,0
4/1/07,5.692,0.112,239.6,23.6,2,39,0
4/1/07,5.554,0.116,239.79,23,1,38,0
4/1/07,5.464,0.122,239.73,22.8,1,39,0
4/1/07,5.36,0.118,239.14,22.4,1,38,0
4/1/07,5.164,0.122,240.13,21.4,1,39,0
4/1/07,4.06,0.134,241.8,17.4,11,10,0
4/1/07,5.16,0.12,239.76,21.4,39,2,0
4/1/07,5.85,0.136,239.51,24.8,38,13,0
4/1/07,5.118,0.168,239.84,21.2,39,0,0
4/1/07,5.126,0.15,240.85,21.2,39,1,0
4/1/07,5.088,0,241.26,21,39,1,0
4/1/07,5.106,0,241.28,21,39,1,0
4/1/07,5.106,0,240.8,21.2,39,1,0
4/1/07,5.018,0,238.73,21,38,2,0
4/1/07,5.01,0,238.58,21,38,1,0
4/1/07,4.862,0,236.26,20.4,38,1,0
4/1/07,4.834,0,235.04,20.4,37,1,0
4/1/07,4.83,0,235.21,20.4,37,0,0
4/1/07,2.808,0,237.13,11.8,4,1,0
4/1/07,2.756,0,237.79,11.6,1,1,0
4/1/07,2.764,0,238.02,11.6,2,2,0
4/1/07,2.822,0.102,237.96,11.8,1,1,0
4/1/07,2.992,0.172,237.82,12.6,1,4,0
4/1/07,3.102,0.194,237.68,13,1,5,0
4/1/07,3.052,0.182,237.44,12.8,1,6,0
4/1/07,3.022,0.178,236.62,12.8,2,4,0
4/1/07,2.95,0.166,235.74,12.4,1,5,0
4/1/07,2.738,0.138,236.66,11.4,1,0,0
4/1/07,2.722,0.104,236.3,11.4,1,0,0
4/1/07,2.718,0.106,236.41,11.4,1,0,0
4/1/07,2.702,0.058,237.23,11.4,2,0,0
4/1/07,2.652,0,237.05,11.2,1,0,0
4/1/07,2.658,0,238.05,11,1,0,0
4/1/07,2.654,0,237.85,11,1,0,0
4/1/07,2.666,0,238.57,11,1,0,0
4/1/07,2.654,0,237.51,11,1,0,0
4/1/07,2.762,0.136,237.51,11.6,2,0,0
4/1/07,2.754,0.134,237.75,11.6,1,0,0
4/1/07,2.43,0.146,238.09,10.2,1,0,0
4/1/07,2.45,0.178,238.41,10.2,1,0,0
4/1/07,2.406,0.17,238.51,10,1,0,0
4/1/07,2.434,0.156,238.2,10.2,1,0,0
4/1/07,2.43,0.15,238,10.2,1,0,0
4/1/07,2.412,0.144,237.44,10,2,0,0
4/1/07,2.394,0.138,236.59,10,1,0,0
4/1/07,2.406,0.14,237.28,10,1,0,0
4/1/07,2.394,0.138,236.7,10,1,0,0
4/1/07,2.402,0.14,237.17,10,1,0,0
4/1/07,2.404,0.166,237.37,10,1,0,0
4/1/07,2.382,0.168,238.11,10,1,0,0
4/1/07,2.422,0.156,238.31,10.2,1,0,0
4/1/07,4.44,0.05,236.49,18.8,34,0,0
5/1/07,2.354,0,242.58,9.6,0,0,0
5/1/07,2.406,0.126,242.46,9.8,0,0,0
5/1/07,2.418,0.13,243.17,9.8,0,0,0
5/1/07,2.426,0.132,243.62,9.8,0,0,0
5/1/07,2.424,0.132,243.51,9.8,0,0,0
5/1/07,2.422,0.132,243.52,9.8,0,0,0
5/1/07,2.41,0.128,242.96,9.8,0,0,0
5/1/07,2.414,0.13,243.17,9.8,0,0,0
5/1/07,2.4,0.126,242.54,9.8,0,0,0
5/1/07,2.334,0.048,241.59,9.6,0,0,0
5/1/07,2.322,0,242.04,9.6,0,0,0
5/1/07,2.324,0,242.1,9.6,0,0,0
5/1/07,2.326,0,242.25,9.6,0,0,0
5/1/07,2.328,0,242.28,9.6,0,0,0
5/1/07,2.346,0,243.31,9.6,0,0,0
5/1/07,2.348,0,243.44,9.6,0,0,0
5/1/07,2.35,0,243.54,9.6,0,0,0
5/1/07,2.352,0,243.67,9.6,0,0,0
5/1/07,2.354,0,243.81,9.6,0,0,0
5/1/07,2.344,0,243.28,9.6,0,0,0
5/1/07,2.346,0,243.14,9.6,0,0,0
5/1/07,2.516,0,242.96,10.2,0,0,0
5/1/07,2.4,0,243.18,9.8,0,0,0
5/1/07,2.44,0.158,242.63,10,0,0,0
5/1/07,2.442,0.16,242.86,10,0,0,0
5/1/07,2.424,0.156,242.08,10,0,0,0
5/1/07,2.414,0.152,241.59,10,0,0,0
5/1/07,2.422,0.156,242.12,10,0,0,0
5/1/07,2.426,0.158,242.4,10,0,0,0
5/1/07,2.42,0.156,242.11,10,0,0,0
5/1/07,2.42,0.156,242.19,10,0,0,0
5/1/07,2.432,0.16,242.9,10,0,0,0
5/1/07,2.448,0.166,243.8,10,0,0,0
5/1/07,2.444,0.164,243.64,10,0,0,0
5/1/07,2.43,0.16,242.96,10,0,0,0
5/1/07,2.43,0.16,242.89,10,0,0,0
5/1/07,2.424,0.158,242.47,10,0,0,0
5/1/07,2.424,0.154,242.68,10,0,0,0
5/1/07,2.344,0,243.11,9.6,0,0,0
5/1/07,2.344,0,243.14,9.6,0,0,0
5/1/07,2.344,0,243.18,9.6,0,0,0
5/1/07,2.418,0.102,243.24,9.8,0,0,0
5/1/07,2.406,0.126,242.42,9.8,0,0,0
5/1/07,2.4,0.124,242.12,9.8,0,0,0
5/1/07,2.406,0.126,242.46,9.8,0,0,0
5/1/07,2.398,0.124,242.04,9.8,0,0,0
5/1/07,2.396,0.124,242.05,9.8,0,0,0
5/1/07,2.382,0.12,241.34,9.8,0,0,0
5/1/07,2.378,0.12,241.24,9.8,0,0,0
5/1/07,2.352,0.066,241.92,9.6,0,0,0
5/1/07,2.332,0,242.4,9.6,0,0,0
5/1/07,2.336,0,242.63,9.6,0,0,0
5/1/07,2.338,0,242.75,9.6,0,0,0
5/1/07,2.338,0,242.81,9.6,0,0,0
5/1/07,2.344,0,243.16,9.6,0,0,0
5/1/07,2.33,0,242.3,9.6,0,0,0
5/1/07,2.32,0,241.71,9.6,0,0,0
5/1/07,2.314,0,241.46,9.6,0,0,0
5/1/07,2.326,0,242.13,9.6,0,0,0
5/1/07,2.336,0,242.62,9.6,0,0,0
5/1/07,2.348,0,243.31,9.6,0,0,0
5/1/07,2.444,0.164,241.58,10.2,0,1,0
5/1/07,2.51,0.278,241.8,10.4,0,1,0
5/1/07,2.498,0.276,241.48,10.4,0,1,0
5/1/07,2.492,0.274,241.21,10.4,0,2,0
5/1/07,2.504,0.278,241.83,10.4,0,1,0
5/1/07,2.498,0.278,241.64,10.4,0,2,0
5/1/07,2.496,0.278,241.63,10.4,0,1,0
5/1/07,2.504,0.28,242.12,10.4,0,2,0
5/1/07,2.496,0.278,241.81,10.4,0,1,0
5/1/07,2.508,0.282,242.43,10.4,0,1,0
5/1/07,2.508,0.284,242.58,10.4,0,2,0
5/1/07,2.506,0.282,242.47,10.4,0,1,0
5/1/07,2.516,0.286,243.09,10.4,0,2,0
5/1/07,2.524,0.29,243.61,10.4,0,1,0
5/1/07,2.532,0.292,244.08,10.4,0,2,0
5/1/07,2.484,0.224,244.02,10.2,0,1,0
5/1/07,2.42,0.148,243.16,9.8,0,1,0
5/1/07,2.408,0.144,242.56,9.8,0,2,0
5/1/07,2.402,0.142,242.28,9.8,0,1,0
5/1/07,2.4,0.142,242.16,9.8,0,1,0
5/1/07,2.436,0.174,242.02,10,0,1,0
5/1/07,2.472,0.248,242.12,10.2,0,2,0
5/1/07,2.47,0.248,241.99,10.2,0,1,0
5/1/07,2.464,0.246,241.68,10.2,0,1,0
5/1/07,2.464,0.246,241.8,10.2,0,1,0
5/1/07,2.458,0.246,241.57,10.2,0,2,0
5/1/07,2.464,0.248,242.02,10.2,0,1,0
5/1/07,2.454,0.244,241.47,10.2,0,1,0
5/1/07,2.392,0.136,241.59,9.8,0,1,0
5/1/07,2.318,0,241.64,9.6,0,0,0
5/1/07,2.33,0,242.29,9.6,0,0,0
5/1/07,2.338,0,242.73,9.6,0,0,0
5/1/07,2.334,0,242.51,9.6,0,0,0
5/1/07,2.33,0,242.35,9.6,0,0,0
5/1/07,2.324,0,242,9.6,0,0,0
5/1/07,2.324,0,241.98,9.6,0,0,0
5/1/07,2.324,0,242.02,9.6,0,0,0
5/1/07,2.318,0,241.73,9.6,0,0,0
5/1/07,2.334,0,242.56,9.6,0,0,0
5/1/07,2.334,0,242.56,9.6,0,0,0
5/1/07,2.428,0.116,242.99,10,0,0,0
5/1/07,2.43,0.154,242.02,10,0,0,0
5/1/07,2.416,0.152,241.44,10,0,0,0
5/1/07,2.428,0.156,242.12,10,0,0,0
5/1/07,2.434,0.158,242.61,10,0,0,0
5/1/07,2.44,0.16,242.93,10,0,0,0
5/1/07,2.428,0.158,242.43,10,0,0,0
5/1/07,2.426,0.156,242.3,10,0,0,0
5/1/07,2.424,0.156,242.28,10,0,0,0
5/1/07,2.426,0.158,242.46,10,0,0,0
5/1/07,2.436,0.16,243.01,10,0,0,0
5/1/07,2.438,0.162,243.17,10,0,0,0
5/1/07,2.428,0.158,242.63,10,0,0,0
5/1/07,2.422,0.158,242.35,10,0,0,0
5/1/07,2.386,0.126,241.34,9.8,0,0,0
5/1/07,2.316,0,241.49,9.6,0,0,0
5/1/07,2.324,0,242,9.6,0,0,0
5/1/07,2.324,0,241.93,9.6,0,0,0
5/1/07,2.326,0,242.14,9.6,0,0,0
5/1/07,2.316,0,241.59,9.6,0,0,0
5/1/07,2.326,0,242.1,9.6,0,0,0
6/1/07,1.37,0.136,239.39,5.6,0,2,18
6/1/07,1.436,0.204,239.02,6,0,1,17
6/1/07,1.442,0.232,238.86,6,0,1,18
6/1/07,1.44,0.23,238.6,6,0,1,17
6/1/07,1.424,0.204,238.7,6,0,1,18
6/1/07,1.368,0.118,239.27,5.6,0,0,17
6/1/07,1.364,0.122,239.2,5.6,0,0,18
6/1/07,1.362,0.12,239.04,5.6,0,0,17
6/1/07,1.36,0.122,239.1,5.6,0,0,18
6/1/07,1.356,0.12,238.74,5.6,0,0,17
6/1/07,1.31,0.046,239.09,5.4,0,0,18
6/1/07,1.296,0,239.56,5.4,0,0,17
6/1/07,1.296,0,239.61,5.4,0,0,18
6/1/07,1.304,0,240.27,5.4,0,0,17
6/1/07,1.302,0,240.24,5.4,0,0,18
6/1/07,1.294,0,239.42,5.4,0,0,18
6/1/07,1.292,0,239.2,5.4,0,0,17
6/1/07,1.296,0,239.54,5.4,0,0,18
6/1/07,1.306,0,240.62,5.4,0,0,17
6/1/07,1.31,0,240.8,5.4,0,0,18
6/1/07,1.318,0,241.38,5.4,0,0,18
6/1/07,1.41,0.118,240.61,5.8,0,0,18
6/1/07,1.42,0.152,240.56,5.8,0,0,17
6/1/07,1.408,0.16,240.47,5.8,0,0,18
6/1/07,1.412,0.162,240.97,5.8,0,0,18
6/1/07,1.406,0.16,240.51,5.8,0,0,18
6/1/07,1.4,0.158,240.08,5.8,0,0,17
6/1/07,1.398,0.156,240.12,5.8,0,0,18
6/1/07,1.39,0.152,239.32,5.8,0,0,17
6/1/07,0.748,0.162,239.95,3.8,0,0,8
6/1/07,0.334,0.168,240.28,1.6,0,0,0
6/1/07,0.334,0.17,240.76,1.6,0,0,0
6/1/07,0.336,0.176,241.53,1.6,0,0,0
6/1/07,0.334,0.172,241.02,1.6,0,0,0
6/1/07,0.334,0.17,240.96,1.6,0,0,0
6/1/07,0.334,0.17,240.7,1.6,0,0,0
6/1/07,0.292,0.112,240.79,1.4,0,0,0
6/1/07,0.24,0,240.18,1,0,0,0
6/1/07,0.242,0,241.08,1,0,0,0
6/1/07,0.242,0,241.26,1,0,0,0
6/1/07,0.242,0,241.17,1,0,0,0
6/1/07,0.304,0.106,242.14,1.6,0,0,0
6/1/07,0.32,0.15,242.46,1.4,0,0,0
6/1/07,0.324,0.156,243.48,1.4,0,0,0
6/1/07,0.322,0.154,243.02,1.4,0,0,0
6/1/07,0.318,0.148,241.96,1.4,0,0,0
6/1/07,0.318,0.146,241.97,1.4,0,0,0
6/1/07,0.314,0.146,241.7,1.4,0,0,0
6/1/07,0.314,0.144,241.51,1.4,0,0,0
6/1/07,0.312,0.14,241.11,1.4,0,0,0
6/1/07,0.254,0.056,241.06,1.2,0,0,0
6/1/07,0.24,0,240.81,1,0,0,0
6/1/07,0.242,0,240.75,1,0,0,0
6/1/07,0.24,0,240.89,1,0,0,0
6/1/07,0.242,0,241.12,1,0,0,0
6/1/07,0.242,0,240.97,1,0,0,0
6/1/07,0.242,0,241.14,1,0,0,0
6/1/07,0.244,0,241.83,1,0,0,0
6/1/07,0.244,0,242.11,1,0,0,0
6/1/07,0.242,0,241.73,1,0,0,0
6/1/07,0.242,0,240.68,1,0,0,0
6/1/07,0.366,0.172,240.93,1.8,0,0,0
6/1/07,0.348,0.172,241.15,1.6,0,0,0
6/1/07,0.346,0.172,241.25,1.6,0,0,0
6/1/07,0.344,0.17,240.93,1.6,0,0,0
6/1/07,0.342,0.174,241.39,1.6,0,0,0
6/1/07,0.342,0.174,241.64,1.6,0,0,0
6/1/07,0.34,0.17,241.01,1.6,0,0,0
6/1/07,0.338,0.17,241.02,1.6,0,0,0
6/1/07,0.338,0.174,241.58,1.6,0,0,0
6/1/07,0.338,0.178,242.16,1.6,0,0,0
6/1/07,0.338,0.178,242.29,1.6,0,0,0
6/1/07,0.338,0.182,242.78,1.6,0,0,0
6/1/07,0.34,0.182,242.92,1.6,0,0,0
6/1/07,0.338,0.18,242.5,1.6,0,0,0
6/1/07,0.336,0.178,242.18,1.6,0,0,0
6/1/07,0.246,0.046,241.6,1,0,0,0
6/1/07,0.242,0,241.38,1,0,0,0
6/1/07,0.244,0,241.92,1,0,0,0
6/1/07,0.244,0,242.05,1,0,0,0
6/1/07,0.244,0,242.14,1,0,0,0
6/1/07,0.29,0.082,241.66,1.4,0,0,0
6/1/07,0.318,0.142,241.21,1.4,0,0,0
6/1/07,0.322,0.152,242.9,1.4,0,0,0
6/1/07,0.324,0.158,243.99,1.4,0,0,0
6/1/07,0.324,0.158,243.92,1.4,0,0,0
6/1/07,0.322,0.158,243.7,1.4,0,0,0
6/1/07,0.32,0.156,243.62,1.4,0,0,0
6/1/07,0.32,0.156,243.76,1.4,0,0,0
6/1/07,0.318,0.158,243.9,1.4,0,0,0
6/1/07,0.26,0.068,243.92,1.2,0,0,0
6/1/07,0.248,0.052,244.21,1,0,0,0
6/1/07,0.25,0.056,244.81,1,0,0,0
6/1/07,0.25,0.056,245.14,1.2,0,0,0
6/1/07,0.25,0.056,245.21,1.2,0,0,0
6/1/07,0.252,0.06,245.96,1.2,0,0,0
6/1/07,0.252,0.062,246.65,1.2,0,0,0
6/1/07,0.252,0.064,246.65,1.2,0,0,0
6/1/07,0.252,0.062,246.41,1.2,0,0,0
6/1/07,0.252,0.06,246.1,1.2,0,0,0
6/1/07,0.25,0.058,245.53,1.2,0,0,0
6/1/07,0.374,0.196,244.89,1.8,0,0,0
6/1/07,0.358,0.194,244.87,1.6,0,0,0
6/1/07,0.354,0.192,244.69,1.6,0,0,0
6/1/07,0.35,0.186,243.66,1.6,0,0,0
6/1/07,0.35,0.19,244.06,1.6,0,0,0
6/1/07,0.35,0.192,244.49,1.6,0,0,0
6/1/07,0.348,0.194,244.7,1.6,0,0,0
6/1/07,0.348,0.192,244.65,1.6,0,0,0
6/1/07,0.348,0.196,245.13,1.6,0,0,0
6/1/07,0.348,0.202,246.1,1.6,0,0,0
6/1/07,0.348,0.206,246.46,1.6,0,0,0
6/1/07,0.35,0.208,247.02,1.6,0,0,0
6/1/07,0.352,0.216,247.98,1.6,0,0,0
6/1/07,0.352,0.216,247.98,1.6,0,0,0
6/1/07,0.35,0.212,247.91,1.6,0,0,0
6/1/07,0.256,0.07,247.91,1.2,0,0,0
6/1/07,0.32,0.146,247.6,1.6,0,0,0
6/1/07,0.34,0.198,247.41,1.6,0,2,0
6/1/07,0.336,0.192,246.69,1.6,0,1,0
6/1/07,0.336,0.194,246.83,1.6,0,2,0
6/1/07,0.34,0.194,247.09,1.6,0,1,0
6/1/07,0.424,0.294,246.87,2.2,0,2,0
6/1/07,0.414,0.302,246.7,2,0,1,0
6/1/07,0.414,0.302,246.61,2,0,2,0
6/1/07,0.412,0.296,245.89,2,0,1,0
6/1/07,0.41,0.294,245.48,2,0,2,0
6/1/07,0.41,0.298,246.03,2,0,1,0
6/1/07,0.41,0.304,246.82,2,0,1,0
6/1/07,0.41,0.31,247.65,2,0,2,0
6/1/07,0.384,0.272,247.81,2,0,1,0
6/1/07,0.336,0.198,247.53,1.6,0,2,0
6/1/07,0.334,0.198,247.36,1.6,0,1,0
6/1/07,0.334,0.196,247.35,1.6,0,1,0
6/1/07,0.332,0.198,247.47,1.6,0,2,0
6/1/07,0.33,0.194,246.88,1.6,0,1,0
6/1/07,0.328,0.19,246.21,1.6,0,1,0
6/1/07,0.326,0.188,245.85,1.6,0,2,0
6/1/07,0.326,0.188,245.98,1.6,0,1,0
6/1/07,0.326,0.186,245.61,1.6,0,1,0
6/1/07,0.36,0.218,246.11,1.8,0,2,0
6/1/07,0.436,0.33,245.83,2.2,0,1,0
6/1/07,0.432,0.33,245.83,2.2,0,1,0
6/1/07,0.428,0.328,245.51,2.2,0,1,0
6/1/07,0.428,0.332,246,2.2,0,2,0
6/1/07,0.406,0.294,245.68,2,0,1,0
6/1/07,0.35,0.196,245.04,1.6,0,0,0
6/1/07,0.348,0.194,244.68,1.6,0,0,0
6/1/07,0.35,0.2,245.66,1.6,0,0,0
6/1/07,0.348,0.202,245.75,1.6,0,0,0
6/1/07,0.348,0.2,245.7,1.6,0,0,0
6/1/07,0.348,0.202,245.86,1.6,0,0,0
6/1/07,0.346,0.2,245.66,1.6,0,0,0
6/1/07,0.346,0.198,245.37,1.6,0,0,0
6/1/07,0.344,0.198,245.38,1.6,0,0,0
6/1/07,0.326,0.172,246.25,1.6,0,0,0
6/1/07,0.256,0.068,247.55,1.2,0,0,0
6/1/07,0.254,0.068,247.28,1.2,0,0,0
6/1/07,0.252,0.064,246.61,1.2,0,0,0
6/1/07,0.25,0.058,245.5,1.2,0,0,0
6/1/07,0.25,0.056,244.98,1.2,0,0,0
6/1/07,0.25,0.056,245.14,1.2,0,0,0
6/1/07,0.25,0.056,245.27,1.2,0,0,0
6/1/07,0.342,0.162,244.98,1.6,0,0,0
6/1/07,0.324,0.164,245.15,1.4,0,0,0
6/1/07,0.328,0.166,245.41,1.6,0,0,0
6/1/07,0.328,0.17,246.13,1.6,0,0,0
6/1/07,0.328,0.17,246.19,1.6,0,0,0
6/1/07,0.324,0.164,245.21,1.4,0,0,0
6/1/07,0.324,0.166,245.67,1.4,0,0,0
6/1/07,0.322,0.168,245.73,1.4,0,0,0
6/1/07,0.286,0.112,246.01,1.4,0,0,0
6/1/07,0.254,0.062,246.48,1.2,0,0,0
6/1/07,0.254,0.064,246.68,1.2,0,0,0
6/1/07,0.254,0.062,246.58,1.2,0,0,0
6/1/07,0.254,0.06,246.34,1.2,0,0,0
6/1/07,0.252,0.06,246.21,1.2,0,0,0
6/1/07,0.252,0.058,245.68,1.2,0,0,0
6/1/07,0.25,0.054,244.76,1.2,0,0,0
6/1/07,0.248,0.052,244.35,1,0,0,0
6/1/07,0.32,0.124,244.23,1.6,0,0,0
6/1/07,0.36,0.194,244.81,1.6,0,0,0
6/1/07,0.356,0.196,245.31,1.6,0,0,0
6/1/07,0.354,0.192,244.59,1.6,0,0,0
6/1/07,0.352,0.194,245.08,1.6,0,0,0
6/1/07,0.352,0.196,245.36,1.6,0,0,0
6/1/07,0.35,0.194,244.89,1.6,0,0,0
6/1/07,0.348,0.192,244.56,1.6,0,0,0
6/1/07,0.344,0.188,243.92,1.6,0,0,0
6/1/07,0.344,0.188,243.82,1.6,0,0,0
6/1/07,0.342,0.184,243.25,1.6,0,0,0
6/1/07,0.34,0.182,242.79,1.6,0,0,0
6/1/07,0.338,0.178,242.28,1.6,0,0,0
6/1/07,0.338,0.18,242.68,1.6,0,0,0
6/1/07,0.34,0.184,243.23,1.6,0,0,0
6/1/07,0.272,0.082,242.31,1.2,0,0,0
6/1/07,0.246,0,242.43,1,0,0,0
6/1/07,0.246,0.046,243,1,0,0,0
6/1/07,0.248,0.05,243.73,1,0,0,0
6/1/07,0.248,0.052,244.3,1,0,0,0
6/1/07,0.25,0.054,244.62,1.2,0,0,0
6/1/07,0.25,0.056,244.82,1.2,0,0,0
6/1/07,0.25,0.058,245.21,1.2,0,0,0
6/1/07,0.25,0.052,244.15,1.2,0,0,0
6/1/07,0.318,0.126,244.02,1.6,0,0,0
6/1/07,0.326,0.162,244.79,1.4,0,0,0
6/1/07,0.326,0.158,244.07,1.4,0,0,0
6/1/07,0.326,0.16,244.42,1.4,0,0,0
6/1/07,0.324,0.16,244.47,1.4,0,0,0
6/1/07,0.324,0.16,244.48,1.4,0,0,0
6/1/07,0.324,0.162,244.65,1.4,0,0,0
6/1/07,0.32,0.158,243.99,1.4,0,0,0
6/1/07,0.304,0.134,243.15,1.4,0,0,0
6/1/07,0.246,0.046,242.76,1,0,0,0
6/1/07,0.246,0.046,242.68,1,0,0,0
6/1/07,0.248,0.05,243.72,1,0,0,0
6/1/07,0.25,0.054,244.59,1.2,0,0,0
6/1/07,0.25,0.052,244.33,1.2,0,0,0
6/1/07,0.25,0.052,244.19,1.2,0,0,0
6/1/07,0.248,0.054,244.24,1.2,0,0,0
6/1/07,0.366,0.184,244.13,1.8,0,0,0
6/1/07,0.358,0.19,244.01,1.6,0,0,0
6/1/07,0.354,0.192,244.21,1.6,0,0,0
6/1/07,0.354,0.19,244.24,1.6,0,0,0
6/1/07,0.354,0.196,244.97,1.6,0,0,0
6/1/07,0.352,0.196,244.91,1.6,0,0,0
6/1/07,0.35,0.196,244.96,1.6,0,0,0
6/1/07,0.348,0.196,245.03,1.6,0,0,0
6/1/07,0.348,0.196,244.92,1.6,0,0,0
6/1/07,0.37,0.194,244.62,1.8,0,0,0
6/1/07,0.364,0.192,244.43,1.8,0,0,0
6/1/07,0.348,0.19,244.07,1.6,0,0,0
6/1/07,0.342,0.188,243.76,1.6,0,0,0
6/1/07,0.34,0.184,243.31,1.6,0,0,0
6/1/07,0.32,0.154,243.43,1.4,0,0,0
6/1/07,0.246,0.046,242.98,1,0,0,0
6/1/07,0.244,0,242.42,1,0,0,0
6/1/07,0.246,0,242.86,1,0,0,0
6/1/07,0.246,0.046,243.13,1,0,0,0
6/1/07,0.248,0.05,243.92,1,0,0,0
6/1/07,0.25,0.056,245.22,1.2,0,0,0
6/1/07,0.252,0.058,245.57,1.2,0,0,0
6/1/07,0.25,0.054,244.93,1.2,0,0,0
6/1/07,0.25,0.054,244.87,1.2,0,0,0
6/1/07,0.25,0.052,244.51,1,0,0,0
6/1/07,0.276,0.066,243.86,1.4,0,0,0
6/1/07,0.324,0.156,243.93,1.4,0,0,0
6/1/07,0.324,0.158,244.26,1.4,0,0,0
6/1/07,0.324,0.156,244.09,1.4,0,0,0
6/1/07,0.324,0.16,244.56,1.4,0,0,0
6/1/07,0.324,0.158,244.19,1.4,0,0,0
6/1/07,0.322,0.158,244.36,1.4,0,0,0
6/1/07,0.32,0.158,244.18,1.4,0,0,0
6/1/07,0.318,0.154,243.68,1.4,0,0,0
6/1/07,0.26,0.068,242.66,1.2,0,0,0
6/1/07,0.244,0,242.31,1,0,0,0
6/1/07,0.244,0,241.64,1,0,0,0
6/1/07,0.244,0,241.74,1,0,0,0
6/1/07,0.244,0,241.71,1,0,0,0
6/1/07,0.37,0.178,242.38,2,0,0,0
6/1/07,0.438,0.304,242.34,2.2,0,1,0
6/1/07,0.434,0.308,242.89,2.2,0,2,0
6/1/07,0.43,0.306,242.52,2.2,0,1,0
6/1/07,0.43,0.302,242.22,2.2,0,1,0
6/1/07,0.428,0.298,241.67,2.2,0,2,0
6/1/07,0.426,0.3,241.81,2.2,0,1,0
6/1/07,0.426,0.304,242.29,2.2,0,2,0
6/1/07,0.426,0.306,242.69,2.2,0,1,0
6/1/07,0.424,0.306,242.7,2.2,0,2,0
6/1/07,0.424,0.308,242.82,2.2,0,1,0
6/1/07,0.422,0.306,242.79,2.2,0,1,0
6/1/07,0.42,0.302,242.3,2.2,0,2,0
6/1/07,0.418,0.302,242.24,2.2,0,1,0
6/1/07,0.418,0.304,242.43,2.2,0,2,0
6/1/07,0.378,0.246,242.44,1.8,0,1,0
6/1/07,0.322,0.168,242.72,1.6,0,1,0
6/1/07,0.32,0.164,242.19,1.4,0,2,0
6/1/07,0.32,0.162,241.77,1.4,0,1,0
6/1/07,0.32,0.162,241.86,1.4,0,1,0
6/1/07,0.318,0.164,242.04,1.4,0,2,0
6/1/07,0.32,0.17,243.07,1.4,0,1,0
6/1/07,0.32,0.172,243.4,1.4,0,1,0
6/1/07,0.32,0.172,243.33,1.4,0,1,0
6/1/07,0.32,0.174,243.64,1.4,0,2,0
6/1/07,0.32,0.174,243.77,1.6,0,1,0
6/1/07,0.32,0.174,243.74,1.4,0,1,0
6/1/07,0.318,0.172,243.53,1.4,0,1,0
6/1/07,0.346,0.178,243.17,1.8,0,1,0
6/1/07,0.322,0.152,242.92,1.4,0,0,0
6/1/07,0.32,0.148,242.42,1.4,0,0,0
6/1/07,0.324,0.156,243.69,1.4,0,0,0
6/1/07,0.322,0.152,243.01,1.4,0,0,0
6/1/07,0.32,0.152,243.06,1.4,0,0,0
6/1/07,0.32,0.154,243.55,1.4,0,0,0
6/1/07,0.318,0.154,243.27,1.4,0,0,0
6/1/07,0.29,0.112,242.97,1.4,0,0,0
6/1/07,0.246,0.048,243.16,1,0,0,0
6/1/07,0.246,0.046,242.93,1,0,0,0
6/1/07,0.246,0,242.75,1,0,0,0
6/1/07,0.282,0.076,242.9,1.4,0,0,0
6/1/07,0.356,0.178,242.37,1.6,0,0,0
6/1/07,0.352,0.18,242.44,1.6,0,0,0
6/1/07,0.35,0.184,243.23,1.6,0,0,0
6/1/07,0.348,0.182,242.89,1.6,0,0,0
6/1/07,0.348,0.186,243.43,1.6,0,0,0
6/1/07,0.348,0.186,243.51,1.6,0,0,0
6/1/07,0.346,0.186,243.44,1.6,0,0,0
6/1/07,0.346,0.188,243.72,1.6,0,0,0
6/1/07,0.344,0.188,243.87,1.6,0,0,0
6/1/07,0.344,0.188,243.76,1.6,0,0,0
6/1/07,0.342,0.188,243.79,1.6,0,0,0
6/1/07,0.342,0.186,243.51,1.6,0,0,0
6/1/07,0.34,0.184,243.33,1.6,0,0,0
6/1/07,0.342,0.19,244.13,1.6,0,0,0
6/1/07,0.318,0.156,244.49,1.4,0,0,0
6/1/07,0.248,0.054,244.61,1,0,0,0
6/1/07,0.248,0.052,244.27,1,0,0,0
6/1/07,0.248,0.05,243.93,1,0,0,0
6/1/07,0.248,0.05,244.05,1,0,0,0
6/1/07,0.25,0.052,244.32,1,0,0,0
6/1/07,0.248,0.05,243.85,1,0,0,0
6/1/07,0.25,0.048,243.62,1.2,0,0,0
6/1/07,0.254,0.05,243.77,1.2,0,0,0
6/1/07,0.252,0.048,243.1,1.2,0,0,0
6/1/07,0.254,0.05,243.84,1.2,0,0,0
6/1/07,0.254,0.05,243.95,1.2,0,0,0
6/1/07,0.254,0.048,243.39,1.2,0,0,0
6/1/07,0.252,0.048,243.25,1.2,0,0,0
6/1/07,0.252,0.046,242.96,1.2,0,0,0
6/1/07,0.334,0.138,241.81,1.6,0,0,0
6/1/07,0.324,0.148,242.14,1.4,0,0,0
6/1/07,0.326,0.148,242.15,1.4,0,0,0
6/1/07,0.326,0.15,242.57,1.4,0,0,0
6/1/07,0.328,0.154,243.43,1.4,0,0,0
6/1/07,0.328,0.158,244.23,1.4,0,0,0
6/1/07,0.324,0.156,243.91,1.4,0,0,0
6/1/07,0.324,0.158,243.97,1.4,0,0,0
6/1/07,0.276,0.088,244.08,1.2,0,0,0
6/1/07,0.252,0.052,244.38,1.2,0,0,0
6/1/07,0.252,0.05,243.73,1.2,0,0,0
6/1/07,0.344,0.148,243.26,1.6,0,0,0
6/1/07,0.36,0.182,242.94,1.6,0,0,0
6/1/07,0.356,0.182,242.89,1.6,0,0,0
6/1/07,0.354,0.186,243.44,1.6,0,0,0
6/1/07,0.35,0.182,242.64,1.6,0,0,0
6/1/07,0.346,0.176,241.68,1.6,0,0,0
6/1/07,0.344,0.172,241.35,1.6,0,0,0
6/1/07,0.342,0.166,240.52,1.6,0,0,0
6/1/07,0.34,0.166,240.44,1.6,0,0,0
6/1/07,0.342,0.172,241.32,1.6,0,0,0
6/1/07,0.342,0.18,242.39,1.6,0,0,0
6/1/07,0.344,0.184,243.29,1.6,0,0,0
6/1/07,0.344,0.188,243.75,1.6,0,0,0
16/5/2007,0.222,0,236.41,1,0,0,0
16/5/2007,0.222,0,235.98,1,0,0,0
16/5/2007,0.222,0,235.93,1,0,0,0
16/5/2007,0.222,0,235.97,1,0,0,0
16/5/2007,0.222,0,236.04,1,0,0,0
16/5/2007,0.222,0,236.15,1,0,0,0
16/5/2007,0.222,0,236.01,1,0,0,0
16/5/2007,0.316,0,235.19,1.4,0,0,0
16/5/2007,0.324,0,236.04,1.4,0,0,0
16/5/2007,1.07,0,235.77,5,0,0,10
16/5/2007,1.386,0,235.44,5.8,0,0,18
16/5/2007,1.37,0,234.99,5.8,0,0,17
16/5/2007,1.266,0,235.69,5.2,0,0,18
16/5/2007,1.256,0,235.51,5.2,0,0,17
16/5/2007,1.256,0,235.82,5.2,0,0,17
16/5/2007,1.252,0,235.54,5.2,0,0,17
16/5/2007,1.252,0,235.83,5.2,0,0,17
16/5/2007,1.244,0,235.01,5.2,0,0,17
16/5/2007,1.24,0,234.76,5.2,0,0,17
16/5/2007,1.256,0,235.9,5.2,0,0,17
16/5/2007,1.312,0,235.17,5.6,0,0,17
16/5/2007,1.316,0.054,234.95,5.6,0,0,17
16/5/2007,1.314,0.054,234.68,5.6,0,0,17
16/5/2007,1.406,0.144,235.23,6,0,0,17
16/5/2007,1.422,0.178,234.84,6,0,0,17
16/5/2007,1.426,0.182,235.77,6,0,0,17
16/5/2007,1.428,0.184,236.11,6,0,0,17
16/5/2007,1.426,0.186,236.33,6,0,0,17
16/5/2007,1.42,0.184,235.98,6,0,0,17
16/5/2007,1.424,0.186,236.54,6,0,0,17
16/5/2007,1.418,0.184,236,6,0,0,17
16/5/2007,1.42,0.186,235.38,6,0,0,17
16/5/2007,1.494,0.296,234.67,6.4,0,1,17
16/5/2007,1.45,0.232,235.67,6.2,0,1,17
16/5/2007,1.426,0.2,235.51,6,0,1,17
16/5/2007,1.426,0.2,235.48,6,0,2,17
16/5/2007,1.426,0.202,235.63,6,0,1,17
16/5/2007,1.428,0.202,235.91,6,0,2,17
16/5/2007,1.418,0.198,235.04,6,0,1,17
16/5/2007,1.414,0.196,234.67,6,0,2,17
16/5/2007,1.414,0.198,234.85,6,0,1,17
16/5/2007,1.41,0.196,234.69,6,0,1,17
16/5/2007,1.384,0.152,235.39,5.8,0,2,17
16/5/2007,1.328,0.074,235.52,5.6,0,1,17
16/5/2007,1.334,0.076,236.12,5.6,0,2,17
16/5/2007,1.336,0.078,236.63,5.6,0,1,17
16/5/2007,1.334,0.076,236.44,5.6,0,1,17
16/5/2007,1.322,0.074,235.48,5.6,0,2,17
16/5/2007,1.316,0.072,234.96,5.6,0,1,17
3/6/07,1.672,0.212,234.66,7.2,1,3,17
3/6/07,1.78,0.228,234.64,7.6,1,4,17
3/6/07,1.768,0.21,234.79,7.6,2,3,17
3/6/07,1.774,0.224,234.28,7.6,1,4,17
3/6/07,1.762,0.208,234.28,7.4,1,3,16
3/6/07,2.564,0.114,232.78,11.8,14,3,17
3/6/07,2.796,0.072,232.66,12,37,3,3
3/6/07,2.542,0.046,232.97,10.8,36,2,0
3/6/07,2.47,0,233.29,10.6,37,0,0
3/6/07,2.48,0,232.95,10.6,36,0,0
3/6/07,2.464,0,233.05,10.4,36,0,0
3/6/07,2.472,0,232.71,10.6,36,0,0
3/6/07,2.442,0,232.01,10.4,36,0,0
3/6/07,2.454,0,233.32,10.4,37,1,0
3/6/07,1.284,0.054,234.49,7,20,0,0
3/6/07,0.54,0,235.31,3.6,3,0,0
3/6/07,2.11,0.062,233.83,9.4,33,0,0
3/6/07,0.312,0,236.46,1.4,1,0,0
3/6/07,0.306,0,236.71,1.2,1,0,0
3/6/07,0.296,0,236.61,1.2,2,1,0
3/6/07,0.308,0,236.49,1.4,1,0,0
3/6/07,0.606,0.046,235.36,4,4,0,0
3/6/07,2.424,0.062,233.74,10.2,37,0,0
3/6/07,2.434,0.064,235.12,10.2,37,0,0
3/6/07,2.438,0.06,234.59,10.4,36,1,0
3/6/07,2.408,0.064,233.92,10.2,37,0,0
3/6/07,1.034,0.046,235.4,6,15,0,0
3/6/07,0.294,0,237.23,1.2,1,0,0
3/6/07,0.31,0,237.4,1.4,1,0,0
3/6/07,0.296,0,238.53,1.2,2,0,0
3/6/07,0.312,0,238.38,1.4,1,1,0
3/6/07,0.296,0,238.54,1.2,1,0,0
3/6/07,0.314,0,238.28,1.4,1,0,0
3/6/07,0.294,0,238.14,1.2,1,0,0
3/6/07,0.312,0,237.72,1.4,2,0,0
3/6/07,0.294,0,237.71,1.2,1,0,0
3/6/07,0.39,0,237.57,1.8,1,1,0
3/6/07,0.592,0.08,237.2,2.4,1,0,0
3/6/07,0.584,0.078,236.07,2.4,1,0,0
3/6/07,0.582,0.08,236.55,2.4,2,0,0
3/6/07,0.462,0.082,236.51,2,1,0,0
3/6/07,0.402,0.082,236.15,1.6,1,0,0
3/6/07,0.392,0.082,235.96,1.6,1,0,0
3/6/07,0.39,0.078,235.02,1.6,1,0,0
3/6/07,0.39,0.08,235.64,1.6,2,0,0
3/6/07,0.39,0.084,236.57,1.6,1,0,0
3/6/07,0.456,0.084,237.2,2,1,0,0
3/6/07,0.578,0.15,236.93,2.6,1,0,0
3/6/07,0.59,0.184,236.81,2.6,1,0,0
3/6/07,0.586,0.18,236.51,2.6,2,0,0
3/6/07,1.258,0.174,236.98,5.8,1,0,9
3/6/07,1.676,0.168,236.6,7,1,0,18
3/6/07,1.74,0.168,236.65,7.4,1,0,18
3/6/07,1.568,0.17,236.52,6.6,1,0,17
3/6/07,1.494,0.17,236.11,6.2,2,0,17
3/6/07,1.492,0.172,236.5,6.2,1,0,18
3/6/07,1.49,0.172,236.52,6.2,1,0,17
3/6/07,1.49,0.19,236.28,6.2,1,0,17
3/6/07,1.44,0.184,236.22,6,1,0,17
3/6/07,1.386,0.082,238.06,5.8,1,0,17
3/6/07,1.406,0.062,238.14,5.8,1,0,18
3/6/07,1.416,0.056,238.09,5.8,1,0,17
3/6/07,1.41,0.052,237.54,5.8,2,0,18
3/6/07,1.402,0.048,237.72,5.8,1,0,17
3/6/07,1.396,0,236.86,5.8,1,0,17
3/6/07,1.394,0.046,237.09,5.8,1,0,17
3/6/07,1.406,0.048,237.86,5.8,1,0,18
3/6/07,1.402,0.052,237.79,5.8,2,0,17
3/6/07,1.384,0.084,237.59,5.8,1,0,17
3/6/07,1.376,0.06,236.84,5.8,0,0,17
3/6/07,1.392,0.052,236.09,5.8,2,0,17
3/6/07,1.392,0.05,235.91,5.8,1,0,17
3/6/07,1.384,0,236.05,5.8,1,0,18
3/6/07,1.392,0.046,236.71,5.8,1,0,17
3/6/07,1.392,0.046,236.78,5.8,2,0,17
3/6/07,1.396,0.046,237.2,5.8,1,0,17
3/6/07,1.392,0.046,236.83,5.8,1,0,17
3/6/07,1.386,0.078,237.17,5.8,1,0,17
3/6/07,1.372,0.068,237.73,5.8,1,0,18
3/6/07,1.758,0.054,237.98,8,4,0,17
3/6/07,3.604,0,234.91,15.2,37,0,17
3/6/07,3.518,0,234.96,14.8,37,0,17
3/6/07,3.528,0,235.41,15,37,0,17
3/6/07,3.544,0,236.03,15,37,0,17
3/6/07,3.546,0,236.16,15,37,0,17
3/6/07,3.536,0,235.93,15,37,0,17
3/6/07,3.516,0,235.1,14.8,37,0,17
3/6/07,3.52,0,235.03,14.8,37,0,17
3/6/07,3.524,0,235.32,14.8,37,0,17
3/6/07,3.52,0,235.46,14.8,37,0,17
3/6/07,3.616,0.114,235.89,15.2,36,0,17
3/6/07,3.632,0.154,235.75,15.4,37,0,17
29/6/2007,2.47,0.09,239.07,11.2,24,0,0
29/6/2007,3.172,0.078,237.84,13.4,37,0,0
29/6/2007,3.174,0.078,237.97,13.4,38,0,0
29/6/2007,3.252,0.178,237.49,13.6,38,0,0
29/6/2007,3.228,0.176,237.37,13.6,37,0,0
29/6/2007,3.128,0.174,237.55,13.2,38,0,0
29/6/2007,3.12,0.174,237.52,13.2,37,0,0
29/6/2007,2.966,0.178,237.88,12.4,38,0,0
29/6/2007,2.83,0.18,238.06,11.8,38,0,0
29/6/2007,2.824,0.18,238.43,11.8,37,0,0
29/6/2007,2.832,0.182,238.64,11.8,38,0,0
29/6/2007,2.828,0.182,238.85,11.8,38,0,0
29/6/2007,2.124,0.192,239.51,9.8,28,0,0
29/6/2007,0.568,0.202,241.03,2.8,0,0,0